Designator,Val,Package,Mid X,Mid Y,Rotation,Layer
C1,.1u,C_0805_2012Metric_Pad1.18x1.45mm_HandSolder,-122.5,-69.5,-90,bottom
C2,1u,C_0805_2012Metric_Pad1.18x1.45mm_HandSolder,-120.5,-69.5,-90,bottom
C3,1u,C_0805_2012Metric_Pad1.18x1.45mm_HandSolder,-118.5,-69.5,-90,bottom
C4,.1u,C_0805_2012Metric_Pad1.18x1.45mm_HandSolder,-102,-69.596,-90,bottom
C5,1u,C_0805_2012Metric_Pad1.18x1.45mm_HandSolder,-104.5,-69.596,-90,bottom
C6,1u,C_0805_2012Metric_Pad1.18x1.45mm_HandSolder,-104.521,-65.7645,90,bottom
C7,1u,C_0805_2012Metric_Pad1.18x1.45mm_HandSolder,-108.5,-73.5,90,bottom
C8,100n,C_0805_2012Metric_Pad1.18x1.45mm_HandSolder,-108.5,-84,-90,bottom
C9,4.7u,C_0805_2012Metric_Pad1.18x1.45mm_HandSolder,-110.5,-84,-90,bottom
C10,1u,C_0805_2012Metric_Pad1.18x1.45mm_HandSolder,-110.5,-77.5,90,bottom
C11,.1u,C_0805_2012Metric_Pad1.18x1.45mm_HandSolder,-112.5,-77.5,90,bottom
C12,.1u,C_0805_2012Metric_Pad1.18x1.45mm_HandSolder,-114.5,-63,180,bottom
C13,1u,C_0805_2012Metric_Pad1.18x1.45mm_HandSolder,-114.5,-65,180,bottom
R1,10k,R_0603_1608Metric_Pad0.98x0.95mm_HandSolder,-113.5,-84,-90,bottom
R2,10k,R_0603_1608Metric_Pad0.98x0.95mm_HandSolder,-108.5,-63,0,bottom
R3,10k,R_0603_1608Metric_Pad0.98x0.95mm_HandSolder,-108.5,-67.5,0,bottom
R4,10k,R_0603_1608Metric_Pad0.98x0.95mm_HandSolder,-111.5,-62.5,-90,bottom
R5,1k,R_0603_1608Metric_Pad0.98x0.95mm_HandSolder,-115.5,-67,0,bottom
R6,1k,R_0603_1608Metric_Pad0.98x0.95mm_HandSolder,-115.5,-68.5,0,bottom
R7,1k,R_0603_1608Metric_Pad0.98x0.95mm_HandSolder,-115.5,-71.5,0,bottom
R8,1k,R_0603_1608Metric_Pad0.98x0.95mm_HandSolder,-115.5,-73,0,bottom
R9,1k,R_0603_1608Metric_Pad0.98x0.95mm_HandSolder,-108.5,-70.5,180,bottom
R10,1k,R_0603_1608Metric_Pad0.98x0.95mm_HandSolder,-108.5,-69,180,bottom
R11,1k,R_0603_1608Metric_Pad0.98x0.95mm_HandSolder,-108.5,-66,180,bottom
R12,1k,R_0603_1608Metric_Pad0.98x0.95mm_HandSolder,-108.5,-64.5,180,bottom
R13,10k,R_0603_1608Metric_Pad0.98x0.95mm_HandSolder,-115.5,-74.5,180,bottom
R14,10k,R_0603_1608Metric_Pad0.98x0.95mm_HandSolder,-115.5,-70,180,bottom
