Comment,Designator,Footprint,LCSC
.1u,"C1,C4,C11,C12",Capacitor_SMD:C_0805_2012Metric_Pad1.18x1.45mm_HandSolder,C49678
1u,"C2,C3,C5,C6,C7,C10,C13",Capacitor_SMD:C_0805_2012Metric_Pad1.18x1.45mm_HandSolder,C28323
100n,C8,Capacitor_SMD:C_0805_2012Metric_Pad1.18x1.45mm_HandSolder,C49678
4.7u,C9,Capacitor_SMD:C_0805_2012Metric_Pad1.18x1.45mm_HandSolder,C1779
10k,"R1,R2,R3,R4,R13,R14",Resistor_SMD:R_0603_1608Metric_Pad0.98x0.95mm_HandSolder,C25804
1k,"R5,R6,R7,R8,R9,R10,R11,R12",Resistor_SMD:R_0603_1608Metric_Pad0.98x0.95mm_HandSolder,C21190
